<application>
  <component name="com.intellij.ide.ui.customization.CustomActionsSchema">
    <group value="Back" is_action="true" action_type="1" position="2">
      <path value="root" />
      <path value="主工具栏靠左" />
      <option name="myInitialPosition" value="-1" />
    </group>
    <group value="Forward" is_action="true" action_type="1" position="3">
      <path value="root" />
      <path value="主工具栏靠左" />
      <option name="myInitialPosition" value="-1" />
    </group>
  </component>
</application>