<application>
  <component name="com.intellij.ide.ui.customization.CustomActionsSchema">
    <group value="NewFromTemplate" is_group="true" action_type="-1" position="19">
      <path value="root" />
      <path value="Favorites View Popup Menu" />
      <path value="New" />
      <option name="myInitialPosition" value="-1" />
    </group>
    <group value="tasks.toolbar.group" is_group="true" action_type="-1" position="13">
      <path value="root" />
      <path value="Main Toolbar" />
      <option name="myInitialPosition" value="-1" />
    </group>
    <group value="ProfilingActions" is_group="true" action_type="-1" position="12">
      <path value="root" />
      <path value="Main Toolbar" />
      <option name="myInitialPosition" value="-1" />
    </group>
    <group value="SearchEverywhere" is_action="true" action_type="-1" position="11">
      <path value="root" />
      <path value="Main Toolbar" />
      <option name="myInitialPosition" value="-1" />
    </group>
    <group seperator="true" action_type="-1" position="10">
      <path value="root" />
      <path value="Main Toolbar" />
      <option name="myInitialPosition" value="-1" />
    </group>
    <group value="MainToolBarSettings" is_group="true" action_type="-1" position="9">
      <path value="root" />
      <path value="Main Toolbar" />
      <option name="myInitialPosition" value="-1" />
    </group>
    <group seperator="true" action_type="-1" position="8">
      <path value="root" />
      <path value="Main Toolbar" />
      <option name="myInitialPosition" value="-1" />
    </group>
    <group seperator="true" action_type="-1" position="6">
      <path value="root" />
      <path value="Main Toolbar" />
      <path value="Toolbar Run Actions" />
      <path value="ActiveRuntimeGroup" />
      <path value="UnityToolbarActions" />
      <option name="myInitialPosition" value="-1" />
    </group>
    <group value="ToolbarFindGroup" is_group="true" action_type="-1" position="4">
      <path value="root" />
      <path value="Main Toolbar" />
      <option name="myInitialPosition" value="-1" />
    </group>
    <group seperator="true" action_type="-1" position="3">
      <path value="root" />
      <path value="Main Toolbar" />
      <option name="myInitialPosition" value="-1" />
    </group>
    <group value="Synchronize" is_action="true" action_type="-1" position="2">
      <path value="root" />
      <path value="Main Toolbar" />
      <option name="myInitialPosition" value="-1" />
    </group>
    <group value="SaveAll" is_action="true" action_type="-1" position="1">
      <path value="root" />
      <path value="Main Toolbar" />
      <option name="myInitialPosition" value="-1" />
    </group>
    <group value="BuildSolutionAction" is_action="true" action_type="-1" position="1">
      <path value="root" />
      <path value="Main Toolbar" />
      <path value="Toolbar Run Actions" />
      <path value="ActiveRuntimeGroup" />
      <option name="myInitialPosition" value="-1" />
    </group>
    <group value="OpenFile" is_action="true" action_type="-1" position="0">
      <path value="root" />
      <path value="Main Toolbar" />
      <option name="myInitialPosition" value="-1" />
    </group>
    <group seperator="true" action_type="-1" position="0">
      <path value="root" />
      <path value="Main Toolbar" />
      <path value="Toolbar Run Actions" />
      <option name="myInitialPosition" value="-1" />
    </group>
    <group seperator="true" action_type="-1" position="0">
      <path value="root" />
      <path value="Main Toolbar" />
      <path value="Toolbar Run Actions" />
      <path value="ActiveRuntimeGroup" />
      <option name="myInitialPosition" value="-1" />
    </group>
    <group seperator="true" action_type="-1" position="0">
      <path value="root" />
      <path value="Main Toolbar" />
      <path value="Toolbar Run Actions" />
      <path value="ActiveRuntimeGroup" />
      <path value="UnityToolbarActions" />
      <option name="myInitialPosition" value="-1" />
    </group>
    <group value="BuildSolutionAction" is_action="true" action_type="1" position="0">
      <path value="root" />
      <path value="Main Toolbar" />
      <path value="Toolbar Run Actions" />
      <path value="Run/Debug" />
      <option name="myInitialPosition" value="-1" />
    </group>
    <group value="SaveAll" is_action="true" action_type="1" position="2">
      <path value="root" />
      <path value="Main Toolbar" />
      <option name="myInitialPosition" value="-1" />
    </group>
    <group value="Synchronize" is_action="true" action_type="1" position="3">
      <path value="root" />
      <path value="Main Toolbar" />
      <option name="myInitialPosition" value="-1" />
    </group>
    <group value="NewFromTemplate" is_action="true" action_type="1" position="17">
      <path value="root" />
      <path value="Favorites View Popup Menu" />
      <path value="New" />
      <option name="myInitialPosition" value="-1" />
    </group>
    <group value="NewFromTemplate" is_action="true" action_type="1" position="18">
      <path value="root" />
      <path value="Favorites View Popup Menu" />
      <path value="New" />
      <option name="myInitialPosition" value="-1" />
    </group>
    <group value="NewFromTemplate" is_action="true" action_type="1" position="19">
      <path value="root" />
      <path value="Favorites View Popup Menu" />
      <path value="New" />
      <option name="myInitialPosition" value="-1" />
    </group>
    <group value="NewFromTemplate" is_action="true" action_type="1" position="22">
      <path value="root" />
      <path value="Favorites View Popup Menu" />
      <path value="New" />
      <option name="myInitialPosition" value="-1" />
    </group>
  </component>
</application>