<application>
  <component name="ProjectManager">
    <defaultProject>
      <component name="Encoding" addBOMForNewFiles="with BOM under Windows, with no BOM otherwise" />
      <component name="ProjectViewState">
        <option name="autoscrollFromSource" value="true" />
        <option name="hideEmptyMiddlePackages" value="true" />
        <option name="showLibraryContents" value="true" />
      </component>
      <component name="WindowStateProjectService">
        <state x="552" y="186" key="Rider.ProjectTemplateDialog.Size" timestamp="1685849214380">
          <screen x="0" y="0" width="1920" height="1040" />
        </state>
        <state x="552" y="186" key="Rider.ProjectTemplateDialog.Size/0.0.1920.1040" timestamp="1685849214380" />
      </component>
    </defaultProject>
  </component>
</application>