<keymap version="1" name="Visual Studio copy" parent="Visual Studio">
  <action id="CloseContent">
    <keyboard-shortcut first-keystroke="ctrl f4" />
    <keyboard-shortcut first-keystroke="ctrl w" />
  </action>
  <action id="Console.TableResult.DeleteRows">
    <keyboard-shortcut first-keystroke="ctrl l" />
  </action>
  <action id="CppIncludesHierarchy" />
  <action id="EditorDeleteLine">
    <keyboard-shortcut first-keystroke="ctrl l" />
  </action>
  <action id="EditorSelectWord">
    <keyboard-shortcut first-keystroke="shift alt equals" />
    <keyboard-shortcut first-keystroke="ctrl alt right" />
  </action>
  <action id="LocateInSolutionView" />
  <action id="RiderCoveringTestsPopupRunSelectedAction" />
  <action id="RiderCoveringTestsPopupRunSelectedTestsAction" />
  <action id="SaveAll">
    <keyboard-shortcut first-keystroke="shift ctrl s" />
    <keyboard-shortcut first-keystroke="ctrl s" />
  </action>
  <action id="SaveDocument" />
  <action id="SmartSelect">
    <keyboard-shortcut first-keystroke="shift alt equals" />
    <keyboard-shortcut first-keystroke="ctrl alt right" />
  </action>
  <action id="SplitHorizontally">
    <keyboard-shortcut first-keystroke="shift alt h" />
  </action>
  <action id="SplitVertically">
    <keyboard-shortcut first-keystroke="shift alt l" />
  </action>
  <action id="TableResult.GrowSelection">
    <keyboard-shortcut first-keystroke="shift alt equals" />
    <keyboard-shortcut first-keystroke="ctrl alt right" />
  </action>
  <action id="UsageFiltering.WriteAccess" />
  <action id="Vcs.Push" />
  <action id="context.load" />
</keymap>