<keymap version="1" name="Visual Studio 2022 copy" parent="Visual Studio 2022">
  <action id="ActivateBookmarksToolWindow">
    <keyboard-shortcut first-keystroke="alt 2" />
  </action>
  <action id="CallHierarchy" />
  <action id="CloseContent">
    <keyboard-shortcut first-keystroke="ctrl w" />
  </action>
  <action id="CodeCompletion">
    <keyboard-shortcut first-keystroke="ctrl space" />
    <keyboard-shortcut first-keystroke="alt right" />
  </action>
  <action id="CommentByLineComment">
    <keyboard-shortcut first-keystroke="ctrl alt slash" />
    <keyboard-shortcut first-keystroke="ctrl alt divide" />
  </action>
  <action id="Debugger.MarkObject" />
  <action id="EditorSelectWord">
    <keyboard-shortcut first-keystroke="shift alt equals" />
    <keyboard-shortcut first-keystroke="ctrl alt right" />
  </action>
  <action id="GotoNextBookmark" />
  <action id="GotoPreviousBookmark" />
  <action id="InsertLiveTemplate">
    <keyboard-shortcut first-keystroke="ctrl e" second-keystroke="l" />
    <keyboard-shortcut first-keystroke="ctrl e" second-keystroke="ctrl l" />
  </action>
  <action id="LocateInSolutionView" />
  <action id="MoveLineDown">
    <keyboard-shortcut first-keystroke="ctrl j" />
  </action>
  <action id="MoveLineUp">
    <keyboard-shortcut first-keystroke="ctrl k" />
  </action>
  <action id="NextSplitter">
    <keyboard-shortcut first-keystroke="alt h" />
  </action>
  <action id="PrevSplitter">
    <keyboard-shortcut first-keystroke="alt l" />
  </action>
  <action id="QuickJavaDoc">
    <keyboard-shortcut first-keystroke="shift ctrl f1" />
  </action>
  <action id="ReformatCode">
    <keyboard-shortcut first-keystroke="ctrl alt enter" />
  </action>
  <action id="RiderCodeLens.ShowMore" />
  <action id="RiderCoveringTestsPopupCoverAllTestsAction" />
  <action id="SmartSelect">
    <keyboard-shortcut first-keystroke="shift alt equals" />
    <keyboard-shortcut first-keystroke="ctrl alt right" />
  </action>
  <action id="SplitHorizontally">
    <keyboard-shortcut first-keystroke="shift alt j" />
  </action>
  <action id="SplitVertically">
    <keyboard-shortcut first-keystroke="shift alt l" />
  </action>
  <action id="SurroundWithLiveTemplate">
    <keyboard-shortcut first-keystroke="ctrl e" second-keystroke="u" />
    <keyboard-shortcut first-keystroke="ctrl e" second-keystroke="ctrl u" />
  </action>
  <action id="SwitchHeaderSource">
    <keyboard-shortcut first-keystroke="alt o" />
  </action>
  <action id="TableResult.GrowSelection">
    <keyboard-shortcut first-keystroke="shift alt equals" />
    <keyboard-shortcut first-keystroke="ctrl alt right" />
  </action>
  <action id="ToggleBookmark" />
  <action id="UsageFiltering.WriteAccess" />
  <action id="Vcs.Log.ShowTooltip">
    <keyboard-shortcut first-keystroke="shift ctrl f1" />
  </action>
  <action id="Vcs.ReformatCommitMessage">
    <keyboard-shortcut first-keystroke="ctrl alt enter" />
  </action>
  <action id="context.load" />
</keymap>